{"cameraMode":{"drawMode":0,"name":"Shaded","section":"Shading Mode"},"sceneLighting":true,"audioPlay":false,"sceneViewState":{"m_AlwaysRefresh":false,"showFog":true,"showSkybox":true,"showFlares":true,"showImageEffects":true,"showParticleSystems":true,"showVisualEffectGraphs":true,"m_FxEnabled":true},"in2DMode":false,"pivot":{"x":-39.185150146484378,"y":2.2883105278015138,"z":-24.74036407470703},"rotation":{"x":0.0018074210966005922,"y":0.984822690486908,"z":0.01002930011600256,"w":-0.17427994310855866},"size":14.740657806396485,"orthographic":false}